INSERT INTO "discipline" (id, name, short_name) VALUES
(1,     'Объектно-ориентированные тенологии программирования и стандарты проектирования',   'ООТПиСП'),
(2,     'Современные главы высшей математики', 'СГВМ'),
(3,     'Операционные системы и системное программирование', 'ОСиСП'),
(4,     'Основы защиты информации', 'ОЗИ'),
(5,     'Актуарная математика', 'АМ'),
(6,     'Технологии разработки информационных систем', 'ТРИС'),
(7,     'Надежность программного обеспечения', 'НПО'),
(8,     'Современное построение баз данных', 'СПБД'),
(9,     'Web-программирование', 'Web'),
(10,    'Теоретико-числовые функции и их приложения', 'ТЧФиП'),
(11,    'Методы вычислений', 'МВ');


INSERT INTO "lesson_number" (id, number, start_time_1, end_time1, start_time_2, end_time2) VALUES
(1,   1,  '8:00:00', '8:40:00', '8:45:00', '9:25:00'),
(2,   2,  '9:35:00', '10:15:00', '10:20:00', '11:00:00'),
(3,   3,  '11:30:00', '12:10:00', '12:15:00', '12:55:00'),
(4,   4,  '13:05:00', '13:45:00', '13:50:00', '14:30:00'),
(5,   5,  '14:40:00', '15:20:00', '15:25:00', '16:05:00'),
(6,   6,  '16:35:00', '17:15:00', '17:20:00', '18:00:00'),
(7,   7,  '18:10:00', '18:50:00', '18:55:00', '19:35:00'),
(8,   8,  '19:45:00', '20:25:00', '20:30:00', '21:10:00');

INSERT INTO "room_type" (id, name) VALUES
(1, 'обычная'),
(2, 'потоковая'),
(3, 'компьютерная'),
(4, 'кафедра');

INSERT INTO "lecture_room" (id, number, type_id, КОРПУС, seats_count) VALUES
(1,     '306',    3,    'Главный корпус',     14),
(2,     '319',    3,    'Главный корпус',     10),
(3,     '206',    2,    'Главный корпус',     120),
(4,     '534',    1,    'Главный корпус',     40),
(5,     '313',    3,    'Главный корпус',     14),
(6,     '612a',   1,    'Главный корпус',     25),
(7,     '200e',   3,    'Главный корпус',     25),
(8,     '305',    4,    'Главный корпус',     0),  /* прикл и сис прогр.*/
(9,     '310',    4,    'Главный корпус',     0),   /* геом и мат анализа */
(10,    '314',    4,    'Главный корпус',     0),   /* алгебры и метод препод матем */
(11,    '311',    4,    'Главный корпус',     0), /*информатики и ИТ */
(12,    '211',    3,    'Главный корпус',     14),
(13,    '221',    3,    'Главный корпус',     14),
(14,    '119',    1,    'Главный корпус',     30),
(15,    '308',    4,    'Главный корпус',     0),
(16,    '307',    3,    'Главный корпус',     14),
(17,    '309',    3,    'Главный корпус',     14),
(18,    '528',    1,    'Главный корпус',     30),
(19,    '113',    1,    'Главный корпус',     30);


INSERT INTO "lesson_type" (id, name) VALUES
(1, 'лекционное занятие'),
(2, 'практическое занятие'),
(3, 'лабораторная работа');

INSERT INTO "position" (id, name) VALUES
(1, 'декан'),
(2, 'доцент'),
(3, 'заведующий кафедрой'),
(4, 'заместитель декана'),
(5, 'преподаватель'),
(6, 'профессор'),
(7, 'старший преподаватель');

INSERT INTO "academic_degree" (id, name) VALUES
(1 , 'Кандидат биологических наук'),
(2 , 'Кандидат географических наук'),
(3 , 'Кандидат искусствоведения'),
(4 , 'Кандидат исторических наук'),
(5 , 'Кандидат культурологии'),
(6 , 'Кандидат педагогических наук'),
(7 , 'Кандидат политических наук'),
(8 , 'Кандидат психологических наук'),
(9 , 'Кандидат социологических наук'),
(10 , 'Кандидат технических наук'),
(11 , 'Кандидат физико-математических наук'),
(12 , 'Кандидат филологических наук'),
(13 , 'Кандидат философских наук'),
(14 , 'Кандидат химических наук'),
(15 , 'Кандидат экономических наук'),
(16 , 'Кандидат юридических наук'),
(17 , 'Доктор биологических наук'),
(18 , 'Доктор географических наук'),
(19 , 'Доктор искусствоведения'),
(20 , 'Доктор исторических наук'),
(21 , 'Доктор культурологии'),
(22 , 'Доктор педагогических наук'),
(23 , 'Доктор политических наук'),
(24 , 'Доктор психологических наук'),
(25 , 'Доктор социологических наук'),
(26 , 'Доктор технических наук'),
(27 , 'Доктор физико-математических наук'),
(28 , 'Доктор филологических наук'),
(29 , 'Доктор философских наук'),
(30 , 'Доктор химических наук'),
(31 , 'Доктор экономических наук'),
(32 , 'Доктор юридических наук'),
(33,  'нет');

INSERT INTO "academic_rank" (id, name) VALUES
(1, 'нет'),
(2 , 'доцент'),
(3 , 'профессор');
/*( , ''),*/

INSERT INTO "role" (id, name) VALUES
(01, 'admin'),
(02, 'user');

INSERT INTO "user" (id, login, password, role, email) VALUES
(01, 1604386176, '754093',   02,     'student1@mail.ru'),
(02, 1604385176, '555555',   02,     'student2@gmail.com'),
(03, 1604334076, 'wh9332',   02,     'student3@mail.ru'),
(04, 1606586176, 'h934h',    02,     'student4@gmail.com'),
(05, 1604386646, 'w255hv',   02,     'student5@outlook.com'),
(06, 1604382006, 'fdsc',     02,     'student6@mail.ru'),
(07, 1604300176, 'bvji093',  02,     'student7@gmail.com'),
(08, 1604337176, '11111',    02,     'student8@gmail.com'),
(09, 1604436176, 'f983dc',   02,     'student9@outlook.com'),
(10, 1604386134, 'ko3990',   01,     'teacher1@gmail.com'),   /* Ермоченко Сергей Александрович*/
(11, 1606756134, 'k4543',    01,     'teacher2@gmail.com'), /*Воробьев Николай Тимофеевич*/
(12, 1658206134, 'fgd90',    01,     'teacher3@mail.ru'),   /* Подоксёнов Михаил Николаевич */
(13, 1743634094, 'Dfreg42',  01,     'teacher4@gmail.com'), /* Витько Елена Анатольевна */
(14, 1743634094, 'GFE453a',  01,     'teacher5@gmail.com'),
(15, 1743634094, 'dF343sx',  01,     'teacher6@outlook.com'),
(16, 1743634094, 'cvb$53v',  01,     'teacher7@gmail.com'),
(17, 1743634094, 'sd@2123',  01,     'teacher8@outlook.com'),
(18, 1743634094, 'gf6dT52',  01,     'teacher9@gmail.com'),
(19, 1345679865, 'cvx%543',   01,     'teacher10@outlook.com');

INSERT INTO "department" (id, name, owner_id, phone, room_id) VALUES
(1, 'Кафедра прикадного и системного программирования', 10, '+375295463728', 8),
(2, 'Кафедра алгебры и методики преподавания математики', 11, '+375296453628', 10),
(3, 'Кафедра геометрии и математического анализа', 12, '+375298634518', 9),
(4, 'Кафедра информатики и информационных технологий', 13,  '+375336153425', 11);

INSERT INTO "phone" (user_id, phone) VALUES
(1, '+375292935461'),
(3, '+375339123212'),
(4, '+375298564434'),
(7, '+375292935432'),
(9, '+375292745323'),
(10, '+375292745323'),
(11, '+375293645323'),
(13, '+375292937434'),
(14, '+375292112316'),
(17, '+375292703750'),
(18, '+375292635463'),
(19, '+375292746362');

INSERT INTO "source" (id, type, description) VALUES
(1, 2, "avatar");

INSERT INTO "user_info" (user_id, full_name, short_name, photo_id) VALUES
(1, 'Чанжыград Ахмед Бахамутов', 'Чанжыград А.Б.', 1),
(2, 'Пограмян Алина Артемовна', 'Пограмян А.А.', 1),
(3, 'Братко Олег Владимирович', 'Братко О.В.', 1),
(4, 'Крыленко Владислав Анатольевич', 'Крыленко В.А.', 1),
(5, 'Петров Алексей Алексеевич', 'Петров А.А.', 1),
(6, 'Шатунова Александра Владимировна', 'Шатунова А.В.', 1),
(7, 'Филипенко Филип Филипович', 'Филипенко Ф.Ф.', 1),
(8, 'Пеленов Никита Дмитриевич', 'Пеленов Н.Д.', 1),
(9, 'Бровко Вероника Семеновна', 'Бровко В.С.', 1),
(10, 'Ермоченко Сергей Александрович', 'Ермоченко С.А.', 1),
(11, 'Воробьев Николай Тимофеевич', 'Воробьев Н.Т.', 1),
(12, 'Подоксёнов Михаил Николаевич', 'Подоксёнов М.Н.', 1),
(13, 'Витько Елена Анатольевна', 'Витько Е. А.', 1),
(14, 'Иванова Жанна Викторовна', 'Иванова Ж.В.', 1),
(15, 'Сергеенко Сергей Владимирович', 'Сергеенко С.В.', 1),
(16, 'Никитин Александр Игоревич', 'Никитин А.И.', 1),
(17, 'Ланцетова Татьяна Дмитриевна', 'Ланцетова Т.Д.', 1),
(18, 'Воробьев Николай Николаевич', 'Воробьев Н.Н.', 1),
(19, 'Шедько Василий Викторович', 'Шедько В.В.', 1),
(20, 'Петрова Татьяна Константинова', 'Петрова Т.К.'),
(21, 'Бородич Сергей Митрофанович', 'Бородич С.М.'),
(22, 'Новый Вадим Владимирович', 'Новый В.В.'),
(23, 'Маевская Светлана Сергеевна', 'Маевская С.С.'),
(24, 'Малиновский Василий Васильевич', 'Малиновский В.В.'),
(25, 'Маркова Людмила Васильевна', 'Маркова Л.В.');

INSERT INTO "department" (id, name, short_name) VALUES
(1, 'Факультет математики и информационных технологий', 'ФМиИТ'),
(2, 'Факультет социальной педагогики и психологии', 'ФСПиП'),
(3, 'Филологический факультет', 'ФилФак');

INSERT INTO "specialty" (id, code, name, short_name) VALUES
(1, '1-40 01 01 03', 'Программное обеспечение информационных технологий', 'ПОИТ'),
(2, '1-31 03 07-01 02', 'Прикладная информатика (программное обеспечение компьютерных систем)', 'ПОКС'),
(3, '1-31 03 03-02', 'Прикладная математика (научно-педагогическая деятельность', 'ПМ'),
(4, '1-31 03 07-03 01', 'Прикладная информатика (веб-программирование и компьютерный дизайн)', 'Веб');

INSERT INTO "study_mode" (id, name) VALUES
(1, 'дневная форма'),
(2, 'заочная форма(полный срок'),
(3, 'заочная форма(сокращенный срок)');

iNSERT INTO "group" (id, number, faculty_id, speciality_id, study_mode_id) VALUES
(1, '34', 1, 1, 1),
(2, '31', 1, 2, 1);

INSERT INTO "subgroup" (id, name, group_id) VALUES
(1, '34_1', 1),
(2, '34_2', 1),
(3, '31_1', 2),
(4, '31_2', 2);

INSERT INTO "subgroup_vs_student" (student_id, subgroup_id) VALUES
(1, 1); 
/* ??????????????? */

INSERT INTO "curator" (id, group_id, teacher_id) VALUES
(1, 1, 16),
(2, 2, 15);

INSERT INTO "lesson" 
(id, group_id, subgroup_id, teacher_id, type_id, room_id, discipline_id, lesson_number_id, week_id) VALUES
(1,     1,      NULL,           19,         1,      7,          7,              1,          '1'),
(2,     1,      1,              19,         3,      12,         7,              2,          '1'),
(3,     1,      2,              20,         3,      13,         7,              2,          '1'),
(4,     1,      NULL,           21,         1,      4,          5,              1,          '5'),
(5,     1,      NULL,           22,         1,      14,         4,              2,          '5'),
(6,     1,      NULL,           22,         2,      7,          4,              3,          '5'),

(7,     2,      NULL,           16,         1,      14,         8,              1,          '1'),
(8,     2,      3,              16,         3,      15,         8,              2,          '1'),
(9,     2,      4,              23,         3,      16,         8,              2,          '1'),
(10,    2,      3,              16,         3,      17,         9,              3,          '1'),
(11,    2,      4,              23,         3,      16,         9,              3,          '1'),
(12,    2,      NULL,           24,         1,      18,         10,             1,          '5'),
(13,    2,      NULL,           10,         1,      19,         9,              2,          '5'),
(14,    2,      NULL,           25,         1,      15,         11,             3,          '5');

INSERT INTO "student" (id, group_id, full_name, record_book_id) VALUES
(1, 1, 'Чанжыград Ахмед Бахамутов', 1604386176),
(2, 1, 'Пограмян Алина Артемовна', 1604385176),
(3, 1, 'Братко Олег Владимирович', 1604334076),
(4, 1, 'Крыленко Владислав Анатольевич', 1606586176),
(5, 1, 'Петров Алексей Алексеевич', 1604386646),
(6, 2, 'Шатунова Александра Владимировна', 1604382006),
(7, 2, 'Филипенко Филип Филипович', 1604300176),
(8, 2, 'Пеленов Никита Дмитриевич', 1604337176),
(9, 2, 'Бровко Вероника Семеновна', 1604436176);

INSERT INTO "student_info" (student_id, description, birthday, city, address, photo_id) VALUES
(1, )