INSERT INTO "disciplines" (id, name, short_name) VALUES
(1,     'Объектно-ориентированные тенологии программирования и стандарты проектирования',   'ООТПиСП'),
(2,     'Современные главы высшей математики', 'СГВМ'),
(3,     'Операционные системы и системное программирование', 'ОСиСП'),
(4,     'Основы защиты информации', 'ОЗИ'),
(5,     'Актуарная математика', 'АМ'),
(6,     'Технологии разработки информационных систем', 'ТРИС'),
(7,     'Надежность программного обеспечения', 'НПО'),
(8,     'Современное построение баз данных', 'СПБД'),
(9,     'Web-программирование', 'Web'),
(10,    'Теоретико-числовые функции и их приложения', 'ТЧФиП'),
(11,    'Методы вычислений', 'МВ');

INSERT INTO "lesson_numbers" (id, number, start_time_1, end_time_1, start_time_2, end_time_2) VALUES
(1,   1,  '8:00:00', '8:40:00', '8:45:00', '9:25:00'),
(2,   2,  '9:35:00', '10:15:00', '10:20:00', '11:00:00'),
(3,   3,  '11:30:00', '12:10:00', '12:15:00', '12:55:00'),
(4,   4,  '13:05:00', '13:45:00', '13:50:00', '14:30:00'),
(5,   5,  '14:40:00', '15:20:00', '15:25:00', '16:05:00'),
(6,   6,  '16:35:00', '17:15:00', '17:20:00', '18:00:00'),
(7,   7,  '18:10:00', '18:50:00', '18:55:00', '19:35:00'),
(8,   8,  '19:45:00', '20:25:00', '20:30:00', '21:10:00');

INSERT INTO "room_types" (id, name) VALUES
(1, 'обычная'),
(2, 'потоковая'),
(3, 'компьютерная'),
(4, 'кафедра');

INSERT INTO "buildings" (id, name, address) VALUES
(1, 'Корпус 1', 'Московский просп., 33, корп. 1, Витебск'),
(2, 'Корпус 2', 'Московский просп., 33, корп. 2, Витебск'),
(3, 'Корпус 3', 'ул. Чехова, 11, Витебск'),
(4, 'Корпус 4', 'ул. Чапаева, 30, Витебск');

INSERT INTO "lecture_rooms" (id, number, room_type_id, building_id, seats_count) VALUES
(1,     '306',    3,    1,     14   ),
(2,     '319',    3,    1,     10   ),
(3,     '206',    2,    1,     120  ),
(4,     '534',    1,    1,     40   ),
(5,     '313',    3,    1,     14   ),
(6,     '612a',   1,    1,     25   ),
(7,     '200e',   3,    1,     25   ),
(8,     '305',    4,    1,     0    ),  /* прикл и сис прогр.*/
(9,     '310',    4,    1,     0    ),  /* геом и мат анализа */
(10,    '314',    4,    1,     0    ),  /* алгебры и метод препод матем */
(11,    '311',    4,    1,     0    ),  /*информатики и ИТ */
(12,    '211',    3,    1,     14   ),
(13,    '221',    3,    1,     14   ),
(14,    '119',    1,    1,     30   ),
(15,    '308',    4,    1,     0    ),
(16,    '307',    3,    1,     14   ),
(17,    '309',    3,    1,     14   ),
(18,    '528',    1,    1,     30   ),
(19,    '113',    1,    1,     30   );


INSERT INTO "lesson_types" (id, name) VALUES
(1, 'лекционное занятие'),
(2, 'практическое занятие'),
(3, 'лабораторная работа');

INSERT INTO "positions" (id, name, min_rate, max_rate) VALUES
(1, 'декан', 300, 450),
(2, 'доцент', 700, 875),
(3, 'заведующий кафедрой', 750, 900),
(4, 'заместитель декана', 750, 900),
(5, 'преподаватель', 750, 900),
(6, 'профессор', 600, 750),
(7, 'старший преподаватель', 750, 900);

INSERT INTO "academic_degrees" (id, name) VALUES
(1  , 'Кандидат биологических наук'),
(2  , 'Кандидат географических наук'),
(3  , 'Кандидат искусствоведения'),
(4  , 'Кандидат исторических наук'),
(5  , 'Кандидат культурологии'),
(6  , 'Кандидат педагогических наук'),
(7  , 'Кандидат политических наук'),
(8  , 'Кандидат психологических наук'),
(9  , 'Кандидат социологических наук'),
(10 , 'Кандидат технических наук'),
(11 , 'Кандидат физико-математических наук'),
(12 , 'Кандидат филологических наук'),
(13 , 'Кандидат философских наук'),
(14 , 'Кандидат химических наук'),
(15 , 'Кандидат экономических наук'),
(16 , 'Кандидат юридических наук'),
(17 , 'Доктор биологических наук'),
(18 , 'Доктор географических наук'),
(19 , 'Доктор искусствоведения'),
(20 , 'Доктор исторических наук'),
(21 , 'Доктор культурологии'),
(22 , 'Доктор педагогических наук'),
(23 , 'Доктор политических наук'),
(24 , 'Доктор психологических наук'),
(25 , 'Доктор социологических наук'),
(26 , 'Доктор технических наук'),
(27 , 'Доктор физико-математических наук'),
(28 , 'Доктор филологических наук'),
(29 , 'Доктор философских наук'),
(30 , 'Доктор химических наук'),
(31 , 'Доктор экономических наук'),
(32 , 'Доктор юридических наук'),
(33 , 'нет');

INSERT INTO "academic_ranks" (id, name) VALUES
(1  , 'нет'),
(2  , 'доцент'),
(3  , 'профессор');

INSERT INTO "roles" (id, name) VALUES
(1  , 'admin'   ),
(2  , 'guest'   ),
(3  , 'student' ),
(4  , 'teacher' );

INSERT INTO "users" (id, login, password) VALUES
(1  , 1604386176, '$2b$10$QlBd4kNf8hX3qKHXqgcwu.jes8/cYb3Fz3LiFCTY/K6WZ8PcJE4cO'), /* student1 */
(2  , 1604385176, '$2b$10$DIzD1YvgZwlfAgzHTkNo/.Og8Ve6qBZH2uANLuXpF9.OKCrS3jjC2'), /* student2 */
(3  , 1604334076, '$2b$10$Jj.c7yP0ZVFeIBjkaJvbRu.TYhQG8fkltdaU3R/SKv35Y5SRqKqRG'), /* student3 */
(4  , 1606586176, '$2b$10$QOVFQxTckwHUqWnsCCrrSeeY4L6i.0mkkFk9rz8xHhAmmSlS3cSzC'), /* student4 */
(5  , 1604386646, '$2b$10$OkDSPnX0c0yrgrR6mr/1/uBdhuLsz10GeNXRtBljYL3YDPsJj4zly'), /* student5 */
(6  , 1604382006, '$2b$10$thA8dqUZq2/AvLyTzId2rOesA.xkaagssqIgRNl7mCuTWtLx/opMG'), /* student6 */
(7  , 1604300176, '$2b$10$4iMfqvOne7OxBjkCy9iIleFFJ/2PfH9XzwghDvaP6zWyMbZZfFT1e'), /* student7 */
(8  , 1604337176, '$2b$10$RRchNvYcyJjA1TkjANbhwubFmE.ytj6QuCesvhuH0iEvVabmrQICC'), /* student8 */
(9  , 1604436176, '$2b$10$0YHEADV0jvi5SPX9zvgtZuRAD6aI5W1vQOcf5zsA0VJ5IqPEBPhJq'), /* student9 */
(10 , 1604386134, '$2b$10$45Uwt/30IQa9CbplmchmPuMwXXV2UbsRFKkq91CS1/Ah2QdDcouzq'), /* teacher1 */
(11 , 1606756134, '$2b$10$55QoRHKcpxcCCRU.a8vKf.FHLPKhCPmsutQfa/Xt0VQP//0Ab.Wc.'), /* teacher2 */
(12 , 1658206134, '$2b$10$msuF8d.SAtVcSxCl0vPHH.EQNaIgY6s/L6gFIzx71V/N/EvjSYBKm'), /* teacher3 */
(13 , 1743634094, '$2b$10$Jh0zwkEAZVq4J9QXb4vbFe0YT58zeNMIN/u91jWwOKb0sLKGUzWZK'), /* teacher4 */
(14 , 1743634094, '$2b$10$zKCnu1hkDlSk.0hW02P20.T1srLfshxr4crH.zvfUptOeOj5brx76'), /* teacher5 */
(15 , 1743634094, '$2b$10$pu9Uxd9bT957K.t7HAohn..U0pEijRRgcyygoes4k8cOhj757rYFS'), /* teacher6 */
(16 , 1743634094, '$2b$10$XpI44GFedGDWhcjGBSmGyeIQ7NAJJgpJXF9rtgGn3zd4hMvAzac9m'), /* teacher7 */
(17 , 1743634094, '$2b$10$yV.69ayTAsJ/p8yjP3GqnuERXgouXNOfBoUX8/XLCIuih9RW6PU5m'), /* teacher8 */
(18 , 1743634094, '$2b$10$yi7i.h0oOhAJpH8ah6oBfOky9TKsinqDsnb/W5agSz.lpl1OZYA1.'), /* teacher9 */
(19 , 1345679865, '$2b$10$HBk1JS0PNANewYKLlzF9NeNOs8yXcUrnkkJ5xdcjDSLk5DnuVllYK'); /* teacher10 */

INSERT INTO "users_info" (user_id, full_name, sex, email, birthday) VALUES
(1  ,   'student1'  ,   'м'  ,   'student1@mail.ru'     ,   '1999-11-18' ),
(2  ,   'student2'  ,   'м'  ,   'student2@gmail.com'   ,   '1999-11-21' ),
(3  ,   'student3'  ,   'м'  ,   'student3@mail.ru'     ,   '1999-09-08' ),
(4  ,   'student4'  ,   'ж'  ,   'student4@mail.ru'     ,   '1999-04-03' ),
(5  ,   'student5'  ,   'м'  ,   'student5@gmail.com'   ,   '1999-09-07' ),
(6  ,   'student6'  ,   'ж'  ,   'student6@gmail.com'   ,   '1999-07-02' ),
(7  ,   'student7'  ,   'ж'  ,   'student7@mail.ru'     ,   '1999-01-12' ),
(8  ,   'student8'  ,   'м'  ,   'student8@gmail.com'   ,   '1999-10-22' ),
(9  ,   'student9'  ,   'м'  ,   'student9@gmail.com'   ,   '1999-03-30' ),
(10 ,   'teacher1'  ,   'м'  ,   'teacher1@gmail.com'   ,   '1986-01-21' ),
(11 ,   'teacher2'  ,   'ж'  ,   'teacher2@mail.ru'     ,   '1976-11-02' ),
(12 ,   'teacher3'  ,   'м'  ,   'teacher3@gmail.com'   ,   '1981-11-15' ),
(13 ,   'teacher4'  ,   'м'  ,   'teacher4@gmail.com'   ,   '1979-12-14' ),
(14 ,   'teacher5'  ,   'м'  ,   'teacher5@mail.ru'     ,   '1988-08-01' ),
(15 ,   'teacher6'  ,   'м'  ,   'teacher6@mail.ru'     ,   '1990-05-05' ),
(16 ,   'teacher7'  ,   'м'  ,   'teacher7@gmail.com'   ,   '1985-06-01' ),
(17 ,   'teacher8'  ,   'ж'  ,   'teacher8@gmail.com'   ,   '1986-02-17' ),
(18 ,   'teacher9'  ,   'ж'  ,   'teacher9@gmail.com'   ,   '1986-03-29' ),
(19 ,   'teacher10' ,   'ж'  ,   'teacher10@gmail.com'  ,   '1988-06-10' );

INSERT INTO "phones" (user_id, phone) VALUES
(1, '+375292935461'),
(3, '+375339123212'),
(4, '+375298564434'),
(7, '+375292935432'),
(9, '+375292745323'),
(10, '+375292745323'),
(11, '+375293645323'),
(13, '+375292937434'),
(14, '+375292112316'),
(17, '+375292703750'),
(18, '+375292635463'),
(19, '+375292746362');

INSERT INTO "users_roles" (user_id, role_id) VALUES
(1  ,   2),
(2  ,   2),
(3  ,   2),
(4  ,   2),
(5  ,   2),
(6  ,   2),
(7  ,   2),
(8  ,   2),
(9  ,   2),
(10 ,   1),
(10 ,   2),
(11 ,   1),
(11 ,   2),
(12 ,   1),
(12 ,   2),
(13 ,   1),
(13 ,   2),
(14 ,   1),
(14 ,   2),
(15 ,   1),
(15 ,   2),
(16 ,   1),
(16 ,   2),
(17 ,   1),
(17 ,   2),
(18 ,   1),
(18 ,   2),
(19 ,   1),
(19 ,   2);

INSERT INTO "faculties" (id, name, short_name) VALUES
(1, 'Факультет математики и информационных технологий'  ,   'ФМиИТ' ),
(2, 'Юридический факультет'                             ,   'ЮФ'    ),
(3, 'Исторический факультет'                            ,   'ИФ'    ),
(4, 'Факультет физической культуры и спорта'            ,   'ФФКиС' ),
(5, 'Биологический факультет'                           ,   'БФ'    ),
(6, 'Факультет социальной педагогики и психологии'      ,   'ФСПиП' );

INSERT INTO "info_faculties" (id, faculty_id, phone_number) VALUES
(1, 1, '+375333179502'),
(2, 2, '+375333179508'),
(3, 3, '+375333179501'),
(4, 4, '+375333179505'),
(5, 5, '+375333179500'),
(6, 6, '+375333179504');

INSERT INTO "departments" (id, name, faculty_id, owner_id, phone, lecture_room_id) VALUES
(1, 'Кафедра прикадного и системного программирования'  , 1, 10, '+375295463728', 8  ),
(2, 'Кафедра алгебры и методики преподавания математики', 1, 11, '+375296453628', 10 ),
(3, 'Кафедра геометрии и математического анализа'       , 1, 12, '+375298634518', 9  ),
(4, 'Кафедра информатики и информационных технологий'   , 1, 13, '+375336153425', 11 );

INSERT INTO "teachers" (id, user_id, full_name, short_name, department_id, academic_degree_id, academic_rank_id) VALUES
(1, 10, 'Преподаватель № 1', 'Препод №1', 1, 26, 2 ),
(2, 11, 'Преподаватель № 2', 'Препод №2', 2, 27, 2 ),
(3, 12, 'Преподаватель № 3', 'Препод №3', 3, 27, 2 ),
(4, 13, 'Преподаватель № 4', 'Препод №4', 4, 27, 2 ),
(5, 14, 'Преподаватель № 5', 'Препод №5', 1, 33, 1 ),
(6, 15, 'Преподаватель № 6', 'Препод №6', 4, 33, 1 );

INSERT INTO "teachers_positions" (teacher_id, position_id, department_id, rate) VALUES
(    1,   3,  1   ,   1   ), 
(    2,   3,  3   ,   0.5   ), 
(    3,   3,  2   ,   0.75   ), 
(    4,   3,  1   ,   1   ), 
(    5,   7,  4   ,   1   ),  
(    2,   7,  4   ,   0.75   ),
(    6,   7,  2   ,   1   ); 

INSERT INTO "specialties" (id, code, name, short_name) VALUES
(1, '1-40 01 01 03', 'Программное обеспечение информационных технологий', 'ПОИТ'),
(2, '1-31 03 07-01 02', 'Прикладная информатика (программное обеспечение компьютерных систем)', 'ПОКС'),
(3, '1-31 03 03-02', 'Прикладная математика (научно-педагогическая деятельность', 'ПМ'),
(4, '1-31 03 07-03 01', 'Прикладная информатика (веб-программирование и компьютерный дизайн)', 'Веб');

INSERT INTO "study_modes" (id, name) VALUES
(1, 'дневная форма'),
(2, 'заочная форма (полный срок)'),
(3, 'заочная форма (сокращенный срок)');

iNSERT INTO "groups" (id, number, faculty_id, specialty_id, study_mode_id) VALUES
(1, '34', 1, 1, 1),
(2, '31', 1, 2, 1);

INSERT INTO "subgroups" (id, name, group_id) VALUES
(1, '34_1', 1),
(2, '34_2', 1),
(3, '31_1', 2),
(4, '31_2', 2);

INSERT INTO "curators" (id, group_id, teacher_id) VALUES
(1, 1, 5),
(2, 2, 6);

INSERT INTO "students" (id, user_id, full_name, short_name, group_id, record_book) VALUES
(1, 1, 'Чанжыград Ахмед Бахамутов'        , 'Чанжыград А.Б.', 1, 1604386176),
(2, 2, 'Пограмян Алина Артемовна'         , 'Пограмян А.А.' , 1, 1604385176),
(3, 3, 'Братко Олег Владимирович'         , 'Братко О.В.'   , 1, 1604334076),
(4, 4, 'Крыленко Владислав Анатольевич'   , 'Крыленко В.А.' , 1, 1606586176),
(5, 5, 'Петров Алексей Алексеевич'        , 'Петров А.А.'   , 1, 1604386646),
(6, 6, 'Шатунова Александра Владимировна' , 'Шатунова А.В.' , 2, 1604382006),
(7, 7, 'Филипенко Филип Филипович'        , 'Филипенко Ф.Ф.', 2, 1604300176),
(8, 8, 'Пеленов Никита Дмитриевич'        , 'Пеленов Н.Д.'  , 2, 1604337176),
(9, 9, 'Бровко Вероника Семеновна'        , 'Бровко В.С.'   , 2, 1604436176);

INSERT INTO "students_subgroups" (student_id, subgroup_id) VALUES
(1, 1),
(2, 1),
(3, 2), 
(4, 2),
(5, 2),
(6, 3),
(7, 3),
(8, 4),
(9, 4);

/*INSERT INTO "lessons" 
(id, group_id, subgroup_id, teacher_id, lesson_type_id, lecture_room_id, discipline_id, lesson_number_id, week_id) VALUES
(1,     1,        NULL,         19,           1,               7,              7,              1,           '1' ),
(2,     1,        1,            19,           3,               12,             7,              2,           '1' ),
(3,     1,        2,            20,           3,               13,             7,              2,           '1' ),
(4,     1,        NULL,         21,           1,               4,              5,              1,           '5' ),
(5,     1,        NULL,         22,           1,               14,             4,              2,           '5' ),
(6,     1,        NULL,         22,           2,               7,              4,              3,           '5' ),
        
(7,     2,        NULL,         16,           1,               14,             8,              1,           '1' ),
(8,     2,        3,            16,           3,               15,             8,              2,           '1' ),
(9,     2,        4,            23,           3,               16,             8,              2,           '1' ),
(10,    2,        3,            16,           3,               17,             9,              3,           '1' ),
(11,    2,        4,            23,           3,               16,             9,              3,           '1' ),
(12,    2,        NULL,         24,           1,               18,             10,             1,           '5' ),
(13,    2,        NULL,         10,           1,               19,             9,              2,           '5' ),
(14,    2,        NULL,         25,           1,               15,             11,             3,           '5' );*/